id,N_homa_ir,composite_0_100,LQ
A,89.0,89.66108633227904,793.1359748275347
B,62.5,28.342795274317105,455.88537400874407
C,27.5,79.78618714894301,738.8240293191866
D,90.2,54.832935116017325,601.5811431380953
E,92.6,56.8904779426098,612.8976286843539
F,15.0,3.193327057032355,317.56329881367793
