id,composite_0_100,LQ,N_homa_ir,N_apob,N_vo2,N_crp,N_bmi,N_packyrs,N_moca,N_mvpa,N_cac,N_hrv,N_phq9,N_alt,N_egfr,N_bmd_t,N_truage_delta,N_small_hdl,N_rem_pct,N_grip,N_swls,N_rpdqs
A,89.66108633227904,793.1359748275347,89.0,88.49303297782917,99.12255249042616,91.54342776486644,75.8036347776927,65.54217416103242,84.1344746068543,97.72498680518208,99.9997939356604,99.61696194324102,84.1344746068543,72.01655364002943,84.1344746068543,93.3192798731142,91.9243340766229,99.86501019683699,95.67613427753186,95.5434537241457,93.3192798731142,92.3076923076923
B,28.342795274317105,455.88537400874407,62.5,11.506967022170823,30.853753872598688,3.039636176526137,11.506967022170823,27.425311775007362,30.853753872598688,21.18553985833967,74.96359427382522,36.944134018176364,15.865525393145708,4.7790352272814705,25.24925375469229,38.20885778110473,34.45782583896758,8.075665923377107,34.45782583896758,27.425311775007362,25.24925375469229,42.30769230769231
C,79.78618714894301,738.8240293191866,27.5,78.81446014166033,97.72498680518208,80.92130471474893,65.54217416103242,65.54217416103242,69.14624612740131,95.84817803112209,99.9997939356604,97.72498680518208,77.33726476231317,66.15388804893104,74.75074624530771,84.1344746068543,78.81446014166033,97.72498680518208,88.49303297782917,88.49303297782917,84.1344746068543,76.92307692307693
D,54.832935116017325,601.5811431380953,90.2,57.9259709439103,69.14624612740131,64.61697666727237,50.0,65.54217416103242,50.0,55.3035116623614,1.396261844331794,63.055865981823636,59.87063256829237,50.0,50.0,53.9827837277029,57.9259709439103,42.07402905608969,50.0,57.9259709439103,50.0,57.692307692307686
E,56.8904779426098,612.8976286843539,92.6,65.54217416103242,59.87063256829237,73.40144709512995,57.9259709439103,65.54217416103242,69.14624612740131,60.51370895359749,99.9997939356604,74.75074624530771,0.023262907903552503,59.87063256829237,63.055865981823636,61.79114221889526,65.54217416103242,57.9259709439103,5.479929169955797,50.0,0.9815328628645333,53.84615384615385
F,3.193327057032355,317.56329881367793,15.0,0.2555130330427932,2.2750131948179195,1.1839137928519186e-37,0.8197535924596131,1.0717590258310886e-06,0.6209665325776133,4.15182196887791,0.6464125642424003,9.121121972586788,0.003167124183311986,0.00022881082869581217,0.04290603331968372,2.2750131948179195,5.479929169955797,0.4661188023718747,0.8197535924596131,2.2750131948179195,0.3830380567589736,19.230769230769234
